time,session,open,high,low,close,volume
2026-09-29T08:24:00.000+0000,PRE,2.44,2.44,2.44,2.44,500
2026-09-29T13:41:00.000+0000,RTH,2.44,2.515,2.44,2.515,455
2026-09-29T15:16:00.000+0000,RTH,2.71,2.71,2.71,2.71,845
2026-09-29T15:20:00.000+0000,RTH,2.6801,2.6801,2.6801,2.6801,400
2026-09-29T16:05:00.000+0000,RTH,2.6823,2.6823,2.6823,2.6823,177
2026-09-29T16:06:00.000+0000,RTH,2.6809,2.6809,2.6809,2.6809,299
2026-09-29T16:28:00.000+0000,RTH,2.6801,2.6801,2.6801,2.6801,1130
2026-09-29T16:33:00.000+0000,RTH,2.75,2.86,2.75,2.86,6304
2026-09-29T16:36:00.000+0000,RTH,2.7,2.7,2.7,2.7,1882
2026-09-29T17:25:00.000+0000,RTH,2.87,2.87,2.87,2.87,3906
2026-09-29T17:26:00.000+0000,RTH,2.77,2.77,2.77,2.77,100
2026-09-29T17:51:00.000+0000,RTH,2.6302,2.6302,2.6301,2.6301,1628
2026-09-29T19:26:00.000+0000,RTH,2.63,2.63,2.63,2.63,113
2026-09-29T20:04:00.000+0000,ATH,2.83,2.83,2.83,2.83,2
2026-09-29T20:10:00.000+0000,ATH,2.83,2.83,2.83,2.83,2
2026-09-29T20:17:00.000+0000,ATH,2.83,2.83,2.83,2.83,20
2026-09-29T20:38:00.000+0000,ATH,2.85,2.85,2.85,2.85,93
2026-09-29T20:42:00.000+0000,ATH,2.75,2.75,2.75,2.75,93
2026-09-29T22:00:00.000+0000,ATH,2.75,2.75,2.75,2.75,25
